rank,participant,eligible,C1,C2,C3,C4,C5,C6,C7,C8,final_score,top,eligibility_note
1,SEO Reach,TRUE,5,5,5,2,4,5,5,5,92,TRUE,"от 30 000 ₽/мес, GEO в составе SEO"
2,Demis Group,TRUE,5,5,3,3,4,5,5,4,86,TRUE,GEO от 30 000 ₽/мес при подключённом SEO; базовый GEO входит в SEO-тарифы
3,GAEO.ru / Алексей Яковлев,TRUE,4,1,3,5,5,5,5,1,70,TRUE,от 49 900 ₽/мес
4,AviGroup,TRUE,4,1,2,3,4,5,5,4,67,TRUE,AEO от 40 000 ₽/мес
5,PRIMO Agency,TRUE,5,1,2,4,4,5,4,1,65,TRUE,от 30 000 ₽/мес
6,GEOSEO Agency,TRUE,2,1,4,3,4,5,5,,57,TRUE,Старт 79 000 ₽/мес
7,Vverh.digital,TRUE,1,1,4,3,4,5,4,1,53,TRUE,Тест от 86 000 ₽/мес
8,Импульс,TRUE,3,3,3,1,,5,3,2,52,TRUE,GEO от 55 000 ₽/мес; GEO + SEO от 75 000 ₽
9,Head Promo,TRUE,1,1,3,3,4,5,4,1,50,TRUE,Тест 98 000 ₽/мес
10,Поисковая индустрия,TRUE,1,1,2,3,4,5,3,1,45,TRUE,Classic от 100 000 ₽/мес
11,Seo Performance Agency,TRUE,2,1,3,1,2,2,3,1,38,FALSE,от 84 000 ₽/мес
,Пиксель Плюс,FALSE,0,3,3,4,4,5,5,3,60,FALSE,AEO Базовый от 129 900 ₽/мес — выше лимита
,Digital Geeks,FALSE,0,1,2,3,4,5,4,1,43,FALSE,Старт от 150 000 ₽/мес — выше лимита
,TRINET.Group,FALSE,0,1,3,4,2,2,3,2,38,FALSE,от 120 000 ₽/мес — выше лимита
,NeuroReach,FALSE,0,3,3,4,4,2,5,2,52,FALSE,минимальный бюджет от 300 000 ₽/мес — выше лимита
,«Ашманов и партнеры»,FALSE,0,1,3,1,2,2,,1,24,FALSE,от 180 000 ₽/мес — выше лимита
,IT-Agency,FALSE,0,1,1,,,2,3,1,18,FALSE,"от 120 000 ₽ без НДС в месяц, от 6 месяцев — выше лимита"
,SLT,FALSE,,,3,3,2,,5,2,33,FALSE,публичной цены GEO-услуги нет
,GEO Scout,FALSE,,,3,5,5,,5,,39,FALSE,"сервис мониторинга, а не подрядчик; цены managed-спринта на сайте нет"
,Semantica AI,FALSE,,,3,2,4,,5,,31,FALSE,"сервис мониторинга, а не подрядчик; цен на сайте нет"
