participant,rank_1,rank_2,rank_3,rank_4,rank_5,rank_6,rank_7,rank_8,rank_9,rank_10,rank_11
SEO Reach,50000,0,0,0,0,0,0,0,0,0,0
Demis Group,0,50000,0,0,0,0,0,0,0,0,0
GAEO.ru / Алексей Яковлев,0,0,50000,0,0,0,0,0,0,0,0
AviGroup,0,0,0,49666,334,0,0,0,0,0,0
PRIMO Agency,0,0,0,334,49666,0,0,0,0,0,0
GEOSEO Agency,0,0,0,0,0,49997,3,0,0,0,0
Vverh.digital,0,0,0,0,0,0,36236,13764,0,0,0
Импульс,0,0,0,0,0,3,13761,30859,5377,0,0
Head Promo,0,0,0,0,0,0,0,5377,44623,0,0
Поисковая индустрия,0,0,0,0,0,0,0,0,0,50000,0
Seo Performance Agency,0,0,0,0,0,0,0,0,0,0,50000
