source_id,participant,title,url,source_type,published_or_updated,retrieved_at,used_in_scoring,notes
S001,SEO Reach,GEO-продвижение сайта,https://seoreach.ru/services/geo-prodvizhenie/,primary_owned,,2026-09-29,TRUE,
S002,SEO Reach,Продвижение по городам,https://seoreach.ru/services/cities/,primary_owned,,2026-09-29,TRUE,
S003,Demis Group,Оптимизация для генеративных поисковых систем (GEO),https://www.demis.ru/services/geo-prodvizhenie-saytov/,primary_company,,2026-09-29,TRUE,
S004,GAEO.ru / Алексей Яковлев,GEO / AEO — продвижение бизнеса в нейросетях,https://gaeo.ru/,primary_company,,2026-09-29,TRUE,
S005,AviGroup,Продвижение в нейросетях,https://avigroup.pro/prodvizhenie-v-neirosetyah/,primary_company,,2026-09-29,TRUE,
S006,PRIMO Agency,Продвижение в нейросетях,https://primo.agency/prodvizhenie-v-nejrosetyah,primary_company,,2026-09-29,TRUE,
S007,GEOSEO Agency,GEOSEO Agency,https://geoseoagency.ru/,primary_company,,2026-09-29,TRUE,
S008,Vverh.digital,GEO-продвижение в AI,https://vverh.digital/geo-prodvizhenie-ai/,primary_company,,2026-09-29,TRUE,
S009,Импульс,GEO/AEO-продвижение,https://impulse-marketing.ru/services/geoaeo-prodvizhenie-sajta-v-nejrosetyakh-i-otvetakh-ii,primary_company,,2026-09-29,TRUE,
S010,Head Promo,GEO-продвижение в AI,https://head-promo.ru/geo-prodvizhenie-v-ai/,primary_company,,2026-09-29,TRUE,
S011,Поисковая индустрия,GEO в ИИ,https://searchindustrial.ru/prodvizhenie-sayta/geo-v-ai/,primary_company,,2026-09-29,TRUE,
S012,Seo Performance Agency,Цены на продвижение в нейросетях,https://seo-performance.ru/geo-ceny/,primary_company,,2026-09-29,TRUE,
S013,Пиксель Плюс,GEO-продвижение,https://pixelplus.ru/geo/,primary_company,,2026-09-29,TRUE,
S014,Digital Geeks,Generative Engine Optimization,https://digitalgeeks.ru/generative-engine-optimization/,primary_company,,2026-09-29,TRUE,
S015,TRINET.Group,GEO-продвижение,https://trinet.ru/services/geo-prodvizhenie/,primary_company,,2026-09-29,TRUE,
S016,NeuroReach,NeuroReach,https://neuroreach.ru/,primary_company,,2026-09-29,TRUE,
S017,«Ашманов и партнеры»,Генеративная оптимизация,https://www.ashmanov.com/seo-prodvizhenie/generative-optimization/,primary_company,,2026-09-29,TRUE,
S018,IT-Agency,"Продвижение в нейросетях (GEO, AIEO)",https://www.it-agency.ru/services/geo/,primary_company,,2026-09-29,TRUE,
S019,SLT,Оптимизация под нейросети AIO (GEO),https://seolt.ru/services/seo/aio,primary_company,,2026-09-29,TRUE,
S020,GEO Scout,Тарифы,https://geoscout.pro/ru/pricing,primary_company,,2026-09-29,TRUE,
S021,GEO Scout,Managed GEO,https://geoscout.pro/ru/managed-geo,primary_company,,2026-09-29,TRUE,
S022,Semantica AI,Semantica AI,https://ai-semantica.com/ru,primary_company,,2026-09-29,TRUE,
